Workbook

Sheet pv centralisateur
B2: ÉLECTIONS MUNICIPALES XXXX
A4: Bureaux | B4: Nombre d'électeurs inscrits | C4: Nombre de votants (enveloppes et bulletins sans enveloppe trouvés dans les urnes) | D4: Nombre de bulletins et enveloppes annulés | E4: Nombre de bulletins blancs (3) | F4: Nombre de suffrages exprimés (4)
G5: Oussama LAIRBON | I5: Judas NANA | K5: Mélanie ZETOFRAI | M5: Sophie FONFEC
O6: CONTRÔLE | P6: PROCURATIONS
A7: BV1 Mairie Place Charles de Gaulle | B7: 1193 | C7: 1160 | D7: 26 | E7: 17 | F7: =C7-D7-E7 -> 1117 | G7: 440 | H7: =G7/F7 -> 0.39391226 | I7: 331 | J7: =I7/F7 -> 0.29632945 | K7: 219 | L7: =K7/F7 -> 0.19606088 | M7: 128 | N7: =M7/F7 -> 0.11459266 | O7: =G7+I7+K7+M7 -> 1118 | P7: 0
A8: BV2 Groupe scolaire de l'Agiot Square de Beaufortin | B8: 1193 | C8: 1160 | D8: 26 | E8: 17 | F8: =C8-D8-E8 -> 1117 | G8: 440 | H8: =G8/F8 -> 0.39391226 | I8: 331 | J8: =I8/F8 -> 0.29632945 | K8: 219 | L8: =K8/F8 -> 0.19606088 | M8: 128 | N8: =M8/F8 -> 0.11459266 | O8: =G8+I8+K8+M8 -> 1118
A9: BV3 Ecole élémentaire Malmedonne Avenue du Rouergue | B9: 1193 | C9: 1160 | D9: 26 | E9: 17 | F9: =C9-D9-E9 -> 1117 | G9: 440 | H9: =G9/F9 -> 0.39391226 | I9: 331 | J9: =I9/F9 -> 0.29632945 | K9: 219 | L9: =K9/F9 -> 0.19606088 | M9: 128 | N9: =M9/F9 -> 0.11459266 | O9: =G9+I9+K9+M9 -> 1118
A10: BV4 Ecole Maternelle Haute-Futaie Avenue de Touraine | B10: 1193 | C10: 1160 | D10: 26 | E10: 17 | F10: =C10-D10-E10 -> 1117 | G10: 440 | H10: =G10/F10 -> 0.39391226 | I10: 331 | J10: =I10/F10 -> 0.29632945 | K10: 219 | L10: =K10/F10 -> 0.19606088 | M10: 128 | N10: =M10/F10 -> 0.11459266 | O10: =G10+I10+K10+M10 -> 1118
A11: BV5 Espace Albert Camus Rue de la Beauce | B11: 1192 | C11: 1160 | D11: 26 | E11: 17 | F11: =C11-D11-E11 -> 1117 | G11: 440 | H11: =G11/F11 -> 0.39391226 | I11: 331 | J11: =I11/F11 -> 0.29632945 | K11: 219 | L11: =K11/F11 -> 0.19606088 | M11: 128 | N11: =M11/F11 -> 0.11459266 | O11: =G11+I11+K11+M11 -> 1118
A12: BV6 Groupe scolaire Les Coudrays Avenue de Picardie | B12: 1192 | C12: 1160 | D12: 26 | E12: 17 | F12: =C12-D12-E12 -> 1117 | G12: 440 | H12: =G12/F12 -> 0.39391226 | I12: 331 | J12: =I12/F12 -> 0.29632945 | K12: 219 | L12: =K12/F12 -> 0.19606088 | M12: 128 | N12: =M12/F12 -> 0.11459266 | O12: =G12+I12+K12+M12 -> 1118
A13: BV7 École élémentaire Les Bessières Rue de Noirmoutier | B13: 1192 | C13: 1160 | D13: 26 | E13: 17 | F13: =C13-D13-E13 -> 1117 | G13: 440 | H13: =G13/F13 -> 0.39391226 | I13: 331 | J13: =I13/F13 -> 0.29632945 | K13: 219 | L13: =K13/F13 -> 0.19606088 | M13: 128 | N13: =M13/F13 -> 0.11459266 | O13: =G13+I13+K13+M13 -> 1118
A14: BV8 Centre de Loisirs du Bout des Clos Chemin des petits fossés | B14: 1192 | C14: 1160 | D14: 26 | E14: 17 | F14: =C14-D14-E14 -> 1117 | G14: 440 | H14: =G14/F14 -> 0.39391226 | I14: 331 | J14: =I14/F14 -> 0.29632945 | K14: 219 | L14: =K14/F14 -> 0.19606088 | M14: 128 | N14: =M14/F14 -> 0.11459266 | O14: =G14+I14+K14+M14 -> 1118
A15: BV9 École élémentaire La Marnière 29 Avenue du Trégor | B15: 1192 | C15: 1159 | D15: 25 | E15: 17 | F15: =C15-D15-E15 -> 1117 | G15: 440 | H15: =G15/F15 -> 0.39391226 | I15: 331 | J15: =I15/F15 -> 0.29632945 | K15: 219 | L15: =K15/F15 -> 0.19606088 | M15: 128 | N15: =M15/F15 -> 0.11459266 | O15: =G15+I15+K15+M15 -> 1118
A16: BV10 Centre Éducatif et Sportif de l'Agiot (CESA) Square du Dauphiné | B16: 1192 | C16: 1159 | D16: 25 | E16: 16 | F16: =C16-D16-E16 -> 1118 | G16: 440 | H16: =G16/F16 -> 0.39355993 | I16: 330 | J16: =I16/F16 -> 0.29516995 | K16: 219 | L16: =K16/F16 -> 0.19588551 | M16: 128 | N16: =M16/F16 -> 0.11449016 | O16: =G16+I16+K16+M16 -> 1117
A17: BV11 École maternelle La Marnière 29 avenue du Trégor | B17: 1192 | C17: 1159 | D17: 25 | E17: 16 | F17: =C17-D17-E17 -> 1118 | G17: 440 | H17: =G17/F17 -> 0.39355993 | I17: 330 | J17: =I17/F17 -> 0.29516995 | K17: 218 | L17: =K17/F17 -> 0.19499106 | M17: 128 | N17: =M17/F17 -> 0.11449016 | O17: =G17+I17+K17+M17 -> 1116
A18: BV12 Groupe scolaire Les Friches Place du Doubs | B18: 1192 | C18: 1159 | D18: 25 | E18: 16 | F18: =C18-D18-E18 -> 1118 | G18: 440 | H18: =G18/F18 -> 0.39355993 | I18: 330 | J18: =I18/F18 -> 0.29516995 | K18: 218 | L18: =K18/F18 -> 0.19499106 | M18: 128 | N18: =M18/F18 -> 0.11449016 | O18: =G18+I18+K18+M18 -> 1116
A19: BV13 École maternelle Chapiteau Allée des Tilleuls | B19: 1192 | C19: 1159 | D19: 25 | E19: 16 | F19: =C19-D19-E19 -> 1118 | G19: 439 | H19: =G19/F19 -> 0.39266547 | I19: 330 | J19: =I19/F19 -> 0.29516995 | K19: 218 | L19: =K19/F19 -> 0.19499106 | M19: 128 | N19: =M19/F19 -> 0.11449016 | O19: =G19+I19+K19+M19 -> 1115
A20: Totaux | B20: =SUM(B7:B19) -> 15500 | C20: =SUM(C7:C19) -> 15075 | D20: =SUM(D7:D19) -> 333 | E20: =SUM(E7:E19) -> 217 | F20: =C20-D20-E20 -> 14525 | G20: =SUM(G7:G19) -> 5719 | H20: =G20/F20 -> 0.39373494 | I20: =SUM(I7:I19) -> 4299 | J20: =I20/F20 -> 0.29597246 | K20: =SUM(K7:K19) -> 2844 | L20: =K20/F20 -> 0.19580034 | M20: =SUM(M7:M19) -> 1664 | N20: =M20/F20 -> 0.1145611 | O20: =G20+I20+K20+M20 -> 14526 | P20: =SUM(P7:P19) -> 0
A22: (5) Les bulletins blancs (de couleur blanche sans aucune mention) et les enveloppes vides sans bulletins sont exclus du champ des bulletins nuls. Ils sont décomptés séparément et annexés au procés-verbal sans être pris en compte dans la détermination des suffrages exprimés.
A23: (6) Ce nombre correspond à la différence entre le résultat de la colonne 4 est celui des colonnes 5 et 6.

Sheet Résultats maurepas
A1: MAUREPAS (Yvelines)
A2: Élections Municipales 2026
B4: Nombre | D4: % / Inscrits ou Votants
A5: Nombre d’inscrits | C5: ='pv centralisateur'!B20 -> 15500
A6: Nombre de votants | C6: ='pv centralisateur'!C20 -> 15075 | D6: =IFERROR(C6/C5,"—") -> 0.97258065
A7: Nombre de bulletins annulés | C7: ='pv centralisateur'!D20 -> 333 | D7: =IFERROR(C7/C6,"—") -> 0.022089552
A8: Nombre de bulletins blancs | C8: ='pv centralisateur'!E20 -> 217 | D8: =IFERROR(C8/C6,"—") -> 0.014394693
A9: Suffrages exprimés | C9: =C6-C7-C8 -> 14525 | D9: =IFERROR(C9/C5,"—") -> 0.93709677
A11: Candidats | C11: Nombre de voix | D11: % des suffrages
A12: Oussama LAIRBON | C12: ='pv centralisateur'!G20 -> 5719 | D12: =IFERROR(C12/$C$9,"—") -> 0.39373494
A13: Judas NANA | C13: ='pv centralisateur'!I20 -> 4299 | D13: =IFERROR(C13/$C$9,"—") -> 0.29597246
A14: Mélanie ZETOFRAI | C14: ='pv centralisateur'!K20 -> 2844 | D14: =IFERROR(C14/$C$9,"—") -> 0.19580034
A15: Sophie FONFEC | C15: ='pv centralisateur'!M20 -> 1664 | D15: =IFERROR(C15/$C$9,"—") -> 0.1145611
A16: TOTAL | C16: =SUM(C12:C15) -> 14526 | D16: =IFERROR(SUM(D12:D15),"—") -> 1.0000688

Sheet Affiche résultats
B2: ÉLECTIONS MUNICIPALES 2026
H4: Candidat n°1 | J4: Candidat n°2 | L4: Candidat n°3 | N4: Candidat n°4
B5: Inscrits | C5: Émargements | D5: Votants | E5: Bulletins annulés | F5: Bulletins blancs | G5: Suffrages exprimés | H5: Oussama LAIRBON | J5: Judas NANA | L5: Mélanie ZETOFRAI | N5: Sophie FONFEC
A6: BV1 Mairie Place Charles de Gaulle | B6: 1193 | D6: 1160 | E6: 26 | F6: 17 | G6: 1117 | H6: 440 | J6: 331 | L6: 219 | N6: 128
A7: BV2 Groupe scolaire de l'Agiot Square de Beaufortin | B7: 1193 | D7: 1160 | E7: 26 | F7: 17 | G7: 1117 | H7: 440 | J7: 331 | L7: 219 | N7: 128
A8: BV3 Ecole élémentaire Malmedonne Avenue du Rouergue | B8: 1193 | D8: 1160 | E8: 26 | F8: 17 | G8: 1117 | H8: 440 | J8: 331 | L8: 219 | N8: 128
A9: BV4 Ecole Maternelle Haute-Futaie Avenue de Touraine | B9: 1193 | D9: 1160 | E9: 26 | F9: 17 | G9: 1117 | H9: 440 | J9: 331 | L9: 219 | N9: 128
A10: BV5 Espace Albert Camus Rue de la Beauce | B10: 1192 | D10: 1160 | E10: 26 | F10: 17 | G10: 1117 | H10: 440 | J10: 331 | L10: 219 | N10: 128
A11: BV6 Groupe scolaire Les Coudrays Avenue de Picardie | B11: 1192 | D11: 1160 | E11: 26 | F11: 17 | G11: 1117 | H11: 440 | J11: 331 | L11: 219 | N11: 128
A12: BV7 École élémentaire Les Bessières Rue de Noirmoutier | B12: 1192 | D12: 1160 | E12: 26 | F12: 17 | G12: 1117 | H12: 440 | J12: 331 | L12: 219 | N12: 128
A13: BV8 Centre de Loisirs du Bout des Clos Chemin des petits fossés | B13: 1192 | D13: 1160 | E13: 26 | F13: 17 | G13: 1117 | H13: 440 | J13: 331 | L13: 219 | N13: 128
A14: BV9 École élémentaire La Marnière 29 Avenue du Trégor | B14: 1192 | D14: 1159 | E14: 25 | F14: 17 | G14: 1117 | H14: 440 | J14: 331 | L14: 219 | N14: 128
A15: BV10 Centre Éducatif et Sportif de l'Agiot (CESA) Square du Dauphiné | B15: 1192 | D15: 1159 | E15: 25 | F15: 16 | G15: 1118 | H15: 440 | J15: 330 | L15: 219 | N15: 128
A16: BV11 École maternelle La Marnière 29 avenue du Trégor | B16: 1192 | D16: 1159 | E16: 25 | F16: 16 | G16: 1118 | H16: 440 | J16: 330 | L16: 218 | N16: 128
A17: BV12 Groupe scolaire Les Friches Place du Doubs | B17: 1192 | D17: 1159 | E17: 25 | F17: 16 | G17: 1118 | H17: 440 | J17: 330 | L17: 218 | N17: 128
A18: BV13 École maternelle Chapiteau Allée des Tilleuls | B18: 1192 | D18: 1159 | E18: 25 | F18: 16 | G18: 1118 | H18: 439 | J18: 330 | L18: 218 | N18: 128
A19: TOTAUX | B19: =SUM(B6:B18) -> 15500 | C19: =SUM(C6:C18) -> 0 | D19: =SUM(D6:D18) -> 15075 | E19: =SUM(E6:E18) -> 333 | F19: =SUM(F6:F18) -> 217 | G19: =SUM(G6:G18) -> 14525 | H19: =SUM(H6:H18) -> 5719 | I19: =IFERROR(H19/$G$19,"—") -> 0.39373494 | J19: =SUM(J6:J18) -> 4299 | K19: =IFERROR(J19/$G$19,"—") -> 0.29597246 | L19: =SUM(L6:L18) -> 2844 | M19: =IFERROR(L19/$G$19,"—") -> 0.19580034 | N19: =SUM(N6:N18) -> 1664 | O19: =IFERROR(N19/$G$19,"—") -> 0.1145611
